kod,ido,AcF,AR,AS,konverzio,kozeg
609,2,20263,779.3,16331.6,47.61413456,37.3 % HEPES
610,2,17000.1,4673.1,16530.9,35.86556086,10 % DMSO
611,2,9463.6,10551.5,16522,18.06833313,20 % DMSO
612,2,3106.1,14705.6,16636.6,5.803469459,30 % DMSO
613,2,20746.5,285.3,16243.6,49.12180797,10 % glycerol
614,2,21594,68.5,16238.8,49.7890854,20 % glycerol
615,2,22596.9,107.2,16300.3,49.6711717,30 % glycerol
616,2,5249.2,13289.5,16659.5,10.11434917,10 % IPA
617,2,467,15787.2,16243.1,1.403365121,20 % IPA
618,2,167.3,17803.8,18165.3,0.995028984,30 % IPA
,,,,,,
,,,,,,
609,4,17016.5,346.7,13475.6,48.71360088,37.3 % HEPES
610,4,17737.6,3948.8,16764,38.22238129,10 % DMSO
611,4,9982.7,9965,16398.6,19.61630871,20 % DMSO
612,4,3167.7,14624.6,16618.9,6.000096276,30 % DMSO
613,4,20856.8,151.4,16445.6,49.53969451,10 % glycerol
614,4,420,0,69,50,20 % glycerol
615,4,420,0,69,50,30 % glycerol
616,4,4915.7,12801.9,16031.5,10.07266943,10 % IPA
617,4,492.4,16516.6,16983.4,1.374283124,20 % IPA
618,4,167.8,17539.4,17863.9,0.908256316,30 % IPA
,,,,,,
,,,,,,
609,6,20037,350.2,17135.1,48.97812093,37.3 % HEPES
610,6,17900.2,3749,17101,39.03865271,10 % DMSO
611,6,10542.1,10090.4,17027.2,20.36976132,20 % DMSO
612,6,3247.2,14720.2,16795.6,6.178403868,30 % DMSO
613,6,,0,1,50,10 % glycerol
614,6,,0,1,50,20 % glycerol
615,6,,0,1,50,30 % glycerol
616,6,5112.7,13668,17138.1,10.12393439,10 % IPA
617,6,506.2,16820.2,17318.2,1.437793766,20 % IPA
618,6,189.5,19600.3,20061.5,1.149465394,30 % IPA
,,,,,,
,,,,,,
609,8,,,,49.105547,37.3 % HEPES
610,8,,,,39.7126,10 % DMSO
611,8,,,,20.83254,20 % DMSO
612,8,,,,6.199523,30 % DMSO
613,8,,,,50,10 % glycerol
614,8,,,,50,20 % glycerol
615,8,,,,50,30 % glycerol
616,8,,,,10.1834,10 % IPA
617,8,,,,1.4479,20 % IPA
618,8,,,,1.1647,30 % IPA
,,,,,,
,,,,,,
609,24,160579,202.7,15948.8,49.36452899,37.3 % HEPES
610,24,16189.4,3200.4,16626.8,40.37577886,10 % DMSO
611,24,9936.3,9384.9,16559.5,21.66309369,20 % DMSO
612,24,3237,14818.9,16980.8,6.36571893,30 % DMSO
613,24,,0,1,50,10 % glycerol
614,24,,0,1,50,20 % glycerol
615,24,,0,1,50,30 % glycerol
616,24,4371.5,13352.9,16716.2,10.3154,10 % IPA
617,24,215.8,17492.7,17795.2,1.5487,20 % IPA
618,24,472,16199,16625.9,1.283840273,30 % IPA
,,,,,,
,,,,,,
Kód,Idő,ACF,AR,AS,Konverzió,Közeg
640,2,23199,43.5,17784.7,49.87770387,10 % TWEEN 80
641,2,23080.4,32.4,17020.5,49.90482066,20 % TWEEN 80
642,2,22465.8,57,17079.3,49.83313133,5 % TWEEN 80
643,2,21550.4,38.6,17050.8,49.88680883,2.5 mM β-ciklodextrin
644,2,21893.4,32.6,16945,49.90380643,5 mM β-ciklodextrin
645,2,21094,62.3,16637.3,49.8127701,10 mM β-ciklodextrin
646,2,4112.7,15337.5,17802.5,6.923184946,25 mM SLS
647,2,1943.9,16880.3,18076.1,3.30768252,50 mM SLS
648,2,12558.9,8118.2,16671.3,25.6521687,10 mM SLS
,,,,,,
,,,,,,
,,,,,,
640,4,21995.3,69.2,16412.7,49.78918764,10 % TWEEN 80
641,4,22012.2,54.7,15768.9,49.82655734,20 % TWEEN 80
642,4,21803,37.1,16525.2,49.8877472,5 % TWEEN 80
643,4,20660.8,49.3,16548.2,49.8510412,2.5 mM β-ciklodextrin
644,4,20772.5,32.6,16509.5,49.90126897,5 mM β-ciklodextrin
645,4,19963.4,54.9,16462.9,49.83326145,10 mM β-ciklodextrin
646,4,5398.7,12979.7,16688.9,11.11277556,25 mM SLS
647,4,2664.7,15598.4,17116.9,4.435674684,50 mM SLS
648,4,12312.4,8232.5,16851.6,25.57353604,10 mM SLS
,,,,,,
,,,,,,
,,,,,,
640,6,20945.4,30.4,15470.2,49.90174658,10 % TWEEN 80
641,6,22188.2,12.7,16005.9,49.96032713,20 % TWEEN 80
642,6,21935.6,21.7,16732.3,49.93515536,5 % TWEEN 80
643,6,20424,23.3,16767.2,49.93051911,2.5 mM β-ciklodextrin
644,6,21173.6,0,17452.6,50,5 mM β-ciklodextrin
645,6,19485.8,24.7,16949.3,49.92713563,10 mM β-ciklodextrin
646,6,5272.6,13017.7,16805.2,11.26883346,25 mM SLS
647,6,3111.6,15062,17102.3,5.964987165,50 mM SLS
648,6,11924.7,8228.9,16907.9,25.6655173,10 mM SLS
,,,,,,
,,,,,,
,,,,,,
640,8,21485.8,21.1,15951,49.93385995,10 % TWEEN 80
641,8,21013.6,106.9,14902.2,49.64132813,20 % TWEEN 80
642,8,20731.3,21.6,15804.8,49.93166633,5 % TWEEN 80
643,8,20314.6,0,17131.3,50,2.5 mM β-ciklodextrin
644,8,20037.5,96,16467.4,49.70851501,5 mM β-ciklodextrin
645,8,18724.8,29.4,16601.2,49.91145218,10 mM β-ciklodextrin
646,8,5056.9,12931.6,16679.9,11.23597863,25 mM SLS
647,8,3139.5,14513,16758.1,6.698551745,50 mM SLS
648,8,11436,8138.5,16709,25.64635825,10 mM SLS
,,,,,,
,,,,,,
,,,,,,
640,24,11079.5,55,9066.5,49.6966856,10 % TWEEN 80
641,24,8087.4,42.3,6437.3,49.6714461,20 % TWEEN 80
642,24,18982.4,50,15675.2,49.8405124,5 % TWEEN 80
643,24,15482.9,18.2,14836.5,49.93866478,2.5 mM β-ciklodextrin
644,24,17129,19.6,16058.4,49.93897275,5 mM β-ciklodextrin
645,24,15805.6,39.1,16069.3,49.87833944,10 mM β-ciklodextrin
646,24,3987.6,12335.9,15910,11.23224387,25 mM SLS
647,24,2426,13227.7,15249.3,6.62850098,50 mM SLS
648,24,8857.5,7665.1,15734.7,25.64268782,10 mM SLS
,,,,,,
Kód,Idő,ACF,AR,AS,Konverzió,
649,2,18287.9,23.9,14128.8,49.91542098,37.3 % HEPES
650,2,17891.8,502.4,13713,48.1681616,10 % DMSO
651,2,12902.9,5468.2,13833.8,30.23608842,20 % DMSO
652,2,3653.5,11708,13892.3,7.861549204,30 % DMSO
653,2,99.1,13586.6,13742.2,0.566139337,10 % lactic acid+β-alanin
654,2,104.8,13383.4,13490.1,0.3954752,20 % lactic acid+β-alanin
655,2,110.8,12978.9,13089.5,0.42247603,30 % lactic acid+β-alanin
656,2,100,13554.9,13715.1,0.584027823,10 % ChCl-glycerol
657,2,94.6,13083,13211.5,0.486318737,20 % ChCl-glycerol
658,2,116.2,13380,13492.1,0.415428288,30 % ChCl-glycerol
659,2,86.8,13521.4,13642,0.4420173,10 % ChCl-lactic acid
660,2,91.5,12529.9,12616.7,0.343988523,20 % ChCl-lactic acid
661,2,89.2,11339.1,11429.7,0.396335862,30 % ChCl-lactic acid
,,,,,,
,,,,,,
,,,,,,
649,4,20789.9,31.2,17130.2,49.90893276,37.3 % HEPES
650,4,21260.6,334.9,17136.4,49.02284027,10 % DMSO
651,4,16576,5980.8,17363.5,32.77766579,20 % DMSO
652,4,4720.2,14149.1,17109.5,8.651334054,30 % DMSO
653,4,114.5,16158.7,16374.5,0.658951418,10 % lactic acid+β-alanin
654,4,128.7,16421.9,16633.3,0.635472215,20 % lactic acid+β-alanin
655,4,145.3,16498.8,16731.2,0.694510854,30 % lactic acid+β-alanin
656,4,110.3,16420.6,16666.3,0.737116217,10 % ChCl-glycerol
657,4,126.4,16464.8,16687.8,0.668152782,20 % ChCl-glycerol
658,4,136.9,15792.8,15999.6,0.646266157,30 % ChCl-glycerol
659,4,106.1,16187.6,16392.3,0.624378519,10 % ChCl-lactic acid
660,4,109.3,17784.3,18055,0.749653836,20 % ChCl-lactic acid
661,4,121,18918.5,19250.9,0.86333626,30 % ChCl-lactic acid
,,,,,,
,,,,,,
,,,,,,
649,6,20558.3,37.1,17277.3,49.89263369,37.3 % HEPES
650,6,20935.7,292.6,16920.8,49.13538367,10 % DMSO
651,6,16273.3,5628.7,16935.6,33.38204729,20 % DMSO
652,6,4705.7,13903.7,16835.6,8.707441374,30 % DMSO
653,6,116.6,16661,16881.6,0.653374088,10 % lactic acid+β-alanin
654,6,138.1,16214.2,16432.7,0.664832925,20 % lactic acid+β-alanin
655,6,147.8,16964.8,17195.9,0.671962503,30 % lactic acid+β-alanin
656,6,119.4,17667.4,17925.8,0.720748865,10 % ChCl-glycerol
657,6,117,15993.9,16172.4,0.551866142,20 % ChCl-glycerol
658,6,144.3,16869.2,17098.9,0.671680634,30 % ChCl-glycerol
659,6,102.9,15917.7,16117.2,0.618904028,10 % ChCl-lactic acid
660,6,121.4,15056.5,15243.3,0.612728215,20 % ChCl-lactic acid
661,6,108,11123.4,11197.8,0.332208112,30 % ChCl-lactic acid
,,,,,,
,,,,,,
,,,,,,
649,8,20036.9,48.1,17356.1,49.861432,37.3 % HEPES
650,8,20291.4,273.8,16442,49.16737623,10 % DMSO
651,8,15905.3,5381.1,16448.8,33.64287972,20 % DMSO
652,8,4737.7,13946.9,16928.9,8.807423991,30 % DMSO
653,8,113.8,16505.2,16720.1,0.642639697,10 % lactic acid+β-alanin
654,8,128.1,17263.5,17499.4,0.674023109,20 % lactic acid+β-alanin
655,8,142.6,16823.7,17042,0.64047647,30 % lactic acid+β-alanin
656,8,131.5,18581.5,18902.9,0.850134106,10 % ChCl-glycerol
657,8,141.9,18161.9,18440.9,0.756470671,20 % ChCl-glycerol
658,8,138.7,15948.8,16126.9,0.552182999,30 % ChCl-glycerol
659,8,110.4,16337.9,16542.5,0.618407133,10 % ChCl-lactic acid
660,8,121,14813.3,14931.5,0.395807521,20 % ChCl-lactic acid
661,8,111,13486,13546.8,0.22440724,30 % ChCl-lactic acid
,,,,,,
,,,,,,
,,,,,,
649,24,17462.8,68.1,16879.4,49.79827482,37.3 % HEPES
650,24,18298.8,242.5,16397.6,49.26056252,10 % DMSO
651,24,15196.9,5046.5,16601.5,34.80107219,20 % DMSO
652,24,4707.3,13657.7,16737.3,9.1998112,30 % DMSO
653,24,104.4,16664.7,16869.4,0.60671986,10 % lactic acid+β-alanin
654,24,117.7,16245.8,16439.3,0.588528709,20 % lactic acid+β-alanin
655,24,106.9,16446.1,16686.7,0.720933438,30 % lactic acid+β-alanin
656,24,95.4,16316.6,16494.4,0.538970802,10 % ChCl-glycerol
657,24,120.4,16412.5,16637.6,0.676479781,20 % ChCl-glycerol
658,24,135.6,15958.8,16132.6,0.538660848,30 % ChCl-glycerol
659,24,83.9,16055.9,16230.1,0.536657199,10 % ChCl-lactic acid
660,24,86.4,15010.2,15135,0.412289395,20 % ChCl-lactic acid
661,24,104.5,18870.8,19083.9,0.558324032,30 % ChCl-lactic acid
,,,,,,
Kód,Idő,ACF,AR,AS,Konverzió,
662,2,21447.7,114.9,16960.6,49.66127378,37.3 % HEPES
663,2,20548.4,1384.5,16426,45.78564471,10 % DMSO
664,2,13917.6,7048.1,16116.8,28.13430706,20 % DMSO
665,2,125.9,17311.5,17567.9,0.729740037,30 % DMSO
666,2,21510.6,189.1,16012.6,49.4095275,10 % PEG
667,2,23044.7,574.7,17520.9,48.35995868,20 % PEG
668,2,20812.5,855.7,15932.7,47.31464221,30 % PEG
669,2,96.1,16071,16272.8,0.620053095,10 % dioxane
670,2,115.3,16012.6,16259.1,0.758037038,20 % dioxane
671,2,144.4,16384.6,16637.6,0.760326009,30 % dioxane
672,2,8492.8,11078.7,16555.7,16.54113085,10 % tert-butanol
673,2,1118.9,16027.2,16848.9,2.438438118,20 % tert-butanol
674,2,288.9,17524.2,17871,0.970287057,30 % tert-butanol
,,,,,,
,,,,,,
,,,,,,
662,4,20491.9,59.1,16502.7,49.82093839,37.3 % HEPES
663,4,19857.6,830.2,15863.5,47.38330129,10 % DMSO
664,4,14756.5,5984.9,15878.7,31.15431364,20 % DMSO
665,4,190.1,17265.5,17499.1,0.667462898,30 % DMSO
666,4,20913.7,88.1,15936.2,49.7235853,10 % PEG
667,4,21124.8,295.1,15870.8,49.07030521,20 % PEG
668,4,20719.9,1120.2,15983.6,46.49578318,30 % PEG
669,4,112.5,16486.7,16701.4,0.642760487,10 % dioxane
670,4,119.4,16553.7,16743.2,0.565901381,20 % dioxane
671,4,124.7,16201.3,16425.9,0.683676389,30 % dioxane
672,4,8716.3,11722.3,17515.3,16.53697053,10 % tert-butanol
673,4,1092.3,15939.9,16728.2,2.356200906,20 % tert-butanol
674,4,280.9,17115.4,17454.9,0.972506288,30 % tert-butanol
,,,,,,
,,,,,,
,,,,,,
662,6,19945.1,62.6,16483.3,49.81011084,37.3 % HEPES
663,6,20063.8,715.9,16143,47.78263024,10 % DMSO
664,6,14670.1,5649.2,15773.2,32.09240991,20 % DMSO
665,6,187.1,17290.9,17539.3,0.708124041,30 % DMSO
666,6,20487.1,70.4,15975.9,49.77966813,10 % PEG
667,6,22565.7,246.3,17558.7,49.29863828,20 % PEG
668,6,20685.2,925.5,16082.9,47.1227204,30 % PEG
669,6,103.9,16018.2,16189.4,0.528741028,10 % dioxane
670,6,125.8,15999.8,16187.4,0.579463039,20 % dioxane
671,6,,,,#DIV/0!,30 % dioxane
672,6,8326.3,11315.7,16915.5,16.55227454,10 % tert-butanol
673,6,1251.3,16662.5,17506.2,2.4097177,20 % tert-butanol
674,6,289.8,17326.1,17642.4,0.896419988,30 % tert-butanol
,,,,,,
,,,,,,
,,,,,,
662,8,20054.4,57.8,16439,49.82419855,37.3 % HEPES
663,8,20270.8,651.9,15594.1,47.90978639,10 % DMSO
664,8,15820.2,5427.8,15937.2,32.9712873,20 % DMSO
665,8,148.4,17158.8,17369.6,0.606807296,30 % DMSO
666,8,20020.6,51,16299.1,49.84354964,10 % PEG
667,8,21214.9,205.2,15213.2,49.32558568,20 % PEG
668,8,21738.8,826.4,15584.1,47.34857964,30 % PEG
669,8,115.5,16127.3,16474.4,1.05345263,10 % dioxane
670,8,139.4,16597.2,17007.7,1.206806329,20 % dioxane
671,8,173.1,17196.5,17646.9,1.276144819,30 % dioxane
672,8,8099.8,11209.7,16724.3,16.48678868,10 % tert-butanol
673,8,1111.5,16461.5,17280.9,2.370825594,20 % tert-butanol
674,8,297.2,17421,17760.2,0.954944201,30 % tert-butanol
,,,,,,
Kód,Idő,ACF,AR,AS,Konverzió,
675,2,21346,547.5,18003.6,48.47947077,37.3 % HEPES
676,2,19967.5,3499.8,18566.1,40.57475722,10 % DMSO
677,2,11766.1,10289.7,18233.6,21.78368506,20 % DMSO
678,2,3741.4,16342.4,18820.2,6.582820586,30 % DMSO
679,2,20902.7,553.5,17784.1,48.44383466,2.5 mM gamma-ciklodextrin
680,2,21200.6,387.8,17870.1,48.91494731,5 mM gamma-ciklodextrin
681,2,21636.1,352.6,17234.5,48.97705184,10 mM gamma-ciklodextrin
682,2,21572.7,381.7,17892.4,48.933346,2.5 mM 2-OH-propil-ciklodextrin
683,2,21536.5,290.1,17292.8,49.1612116,5 mM 2-OH-propil-ciklodextrin
684,2,21634.3,239.8,17985.6,49.33335557,10 mM 2-OH-propil-ciklodextrin
685,2,5041.3,14187,17360.5,9.140001728,10 % DMF
686,2,1071.9,16834.2,17474.2,1.831271246,20 % DMF
687,2,725.4,17435.7,17801.8,1.028266804,30 % DMF
,,,,,,
,,,,,,
,,,,,,
675,4,20866.6,299.7,18077.8,49.17108276,37.3 % HEPES
676,4,19835.5,2589.6,18118.9,42.85387082,10 % DMSO
677,4,12523.9,10277.2,19540.9,23.70336064,20 % DMSO
678,4,4059.4,16154.6,18738.2,6.893938585,30 % DMSO
679,4,20324,1245.4,17989.2,46.53847864,2.5 mM gamma-ciklodextrin
680,4,20320.4,158.1,17849,49.55711805,5 mM gamma-ciklodextrin
681,4,20665.2,1183.3,16864.2,46.4916806,10 mM gamma-ciklodextrin
682,4,20610.8,164,17624.9,49.53474913,2.5 mM 2-OH-propil-ciklodextrin
683,4,20438.8,107.5,17949.7,49.7005521,5 mM 2-OH-propil-ciklodextrin
684,4,21429.8,88.1,17666.9,49.75066367,10 mM 2-OH-propil-ciklodextrin
685,4,4719.9,13717.3,16803.5,9.18320588,10 % DMF
686,4,1445.6,17980.5,18410.8,1.168607556,20 % DMF
687,4,721.4,18064.8,18418.4,0.959909656,30 % DMF
,,,,,,
,,,,,,
,,,,,,
675,6,19986.7,174.1,18143.5,49.52021385,37.3 % HEPES
676,6,19000.9,2212.8,17874,43.81000336,10 % DMSO
677,6,14486.5,11201.6,22003.8,24.54621474,20 % DMSO
678,6,4031,16628.1,19396.4,7.136118043,30 % DMSO
679,6,20293.1,210.8,18753.5,49.43797158,2.5 mM gamma-ciklodextrin
680,6,19517.9,112.9,17558.4,49.67850146,5 mM gamma-ciklodextrin
681,6,20594.8,107.5,18373.1,49.70745274,10 mM gamma-ciklodextrin
682,6,20507.9,116.4,17790.7,49.67286279,2.5 mM 2-OH-propil-ciklodextrin
683,6,20333.3,74.2,18046.3,49.79441769,5 mM 2-OH-propil-ciklodextrin
684,6,21129.8,58.9,17354.8,49.83030631,10 mM 2-OH-propil-ciklodextrin
685,6,5148,14694.7,18023.9,9.235515066,10 % DMF
686,6,1103.9,17490,18174.7,1.883662454,20 % DMF
687,6,753.8,17400.9,17712.1,0.878495492,30 % DMF
,,,,,,
,,,,,,
,,,,,,
675,8,19769.7,139.9,17737.5,49.60563777,37.3 % HEPES
676,8,19900.9,1885.2,16462.6,44.27429446,10 % DMSO
677,8,12754.9,9744.5,19679.1,25.24149987,20 % DMSO
678,8,3931.9,16384.4,19168.6,7.26239788,30 % DMSO
679,8,19710.5,155.3,17765.1,49.56290705,2.5 mM gamma-ciklodextrin
680,8,19041,73.5,17268.9,49.78718969,5 mM gamma-ciklodextrin
681,8,21177.2,81.9,17155.3,49.76129826,10 mM gamma-ciklodextrin
682,8,20685,89.6,17556.5,49.74482385,2.5 mM 2-OH-propil-ciklodextrin
683,8,20861,57,18258.6,49.84390917,5 mM 2-OH-propil-ciklodextrin
684,8,20122.7,118.9,17770.5,49.6654568,10 mM 2-OH-propil-ciklodextrin
685,8,4731.8,13967.8,17109.6,9.18139524,10 % DMF
686,8,1067.6,17256.1,17902.7,1.805872857,20 % DMF
687,8,738.5,17388.2,17740.5,0.992925791,30 % DMF
,,,,,,
Kód,Idő,ACF,AR,AS,Konverzió,
688,2,23554.2,51.4,18723,49.86273567,37.3 % HEPES
689,2,22683.4,294.1,17202.3,49.14517245,10 % DMSO
690,2,18877,5767.3,17146.4,33.18218402,20 % DMSO
691,2,5294.2,14318.3,17403.5,8.863734306,30 % DMSO
692,2,11689.5,11206.7,18761.8,20.13426217,"10 % 1,5-pentanediol"
693,2,3717,16467.2,18742.7,6.070363395,"20 % 1,5-pentanediol"
694,2,1385.2,16528.4,17296.1,2.219286429,"30 % 1,5-pentanediol"
695,2,12087.8,10292.5,18052.3,21.4925522,10 % ethanol
696,2,1980.4,17226.2,18644.5,3.803534554,20 % ethanol
697,2,241.7,15881.2,16110.8,0.712565484,30 % ethanol
698,2,344.5,18292.6,18723.3,1.150171177,10 % trifluoroethanol
699,2,175,18168.7,18585.6,1.121567235,20 % trifluoroethanol
700,2,151,18538.4,19100.1,1.47041115,30 % trifluoroethanol
,,,,,,
,,,,,,
,,,,,,
688,4,22319.2,85,19725.1,49.78453848,37.3 % HEPES
689,4,24097,209.5,18970,49.44781234,10 % DMSO
690,4,18536,5246.8,19174.4,36.31821595,20 % DMSO
691,4,5601.7,16065.4,19672.7,9.16828905,30 % DMSO
692,4,10315.1,10479.3,17621.6,20.26575339,"10 % 1,5-pentanediol"
693,4,3329.5,15734.7,17809.3,5.82448496,"20 % 1,5-pentanediol"
694,4,1246.6,17323.3,18261.5,2.568792268,"30 % 1,5-pentanediol"
695,4,10429.4,10196.6,17602.6,21.03666504,10 % ethanol
696,4,1747.1,15381.9,16536.2,3.490221454,20 % ethanol
697,4,297.6,16678.7,17014.9,0.987957614,30 % ethanol
698,4,301.1,17074.1,17437.9,1.043130193,10 % trifluoroethanol
699,4,117.3,16332.9,16544.6,0.639785791,20 % trifluoroethanol
700,4,146.5,16914.7,17144.7,0.670761227,30 % trifluoroethanol
,,,,,,
,,,,,,
,,,,,,
688,6,19907.8,50.2,17726.1,49.85840089,37.3 % HEPES
689,6,20802.1,124.2,17440.8,49.64393835,10 % DMSO
690,6,17372.4,4693.7,17778.9,36.79980201,20 % DMSO
691,6,5008.2,15081.3,18569.1,9.391408307,30 % DMSO
692,6,10485.9,10439.8,17717,20.53733702,"10 % 1,5-pentanediol"
693,6,3384.1,15901.3,18157,6.211653908,"20 % 1,5-pentanediol"
694,6,1188.5,16789.8,17678.5,2.513505105,"30 % 1,5-pentanediol"
695,6,10823.2,10708.9,18509.1,21.07125684,10 % ethanol
696,6,1751.8,16467.1,17714,3.519532573,20 % ethanol
697,6,279,16205.3,16496.9,0.883802411,30 % ethanol
698,6,317.1,17925.9,18359.8,1.181657752,10 % trifluoroethanol
699,6,111.5,17204.3,17419.3,0.617131572,20 % trifluoroethanol
700,6,147.7,17462.8,17753.5,0.818711803,30 % trifluoroethanol
,,,,,,
,,,,,,
,,,,,,
688,8,20342.8,49.9,18776.4,49.86712043,37.3 % HEPES
689,8,21202.8,156.9,17780.4,49.55878383,10 % DMSO
690,8,17038.7,4321.6,16935.5,37.24100263,20 % DMSO
691,8,9129.1,24101.3,30206.2,10.10537572,30 % DMSO
692,8,10086.2,10092,17132.6,20.54737751,"10 % 1,5-pentanediol"
693,8,3224.1,14774.3,16938.1,6.387375207,"20 % 1,5-pentanediol"
694,8,1241.8,16485.7,17311.5,2.385119718,"30 % 1,5-pentanediol"
695,8,10731.4,10719.2,18492.8,21.01790967,10 % ethanol
696,8,1716.8,15869.7,17116.9,3.643183053,20 % ethanol
697,8,299.5,16320.4,16644.1,0.972416652,30 % ethanol
698,8,263.5,17049.4,17394.9,0.993107175,10 % trifluoroethanol
699,8,,,,#DIV/0!,20 % trifluoroethanol
700,8,,,,#DIV/0!,30 % trifluoroethanol
,,,,,,
Kód,Idő,ACF,AR,AS,Konverzió,
701,2,23990.4,117.3,22340.8,49.73747583,37.3 % HEPES
702,2,22075.9,4605.6,22765.7,39.88478281,10 % DMSO
703,2,17119.7,10127.9,23990.7,28.89202899,20 % DMSO
704,2,5067.1,21152.7,25116.4,7.890661082,30 % DMSO
705,2,23963.2,52.8,21842.2,49.87913305,5 mM glucose
706,2,24078.5,53.3,21110.9,49.8737619,10 mM glucose
707,2,24018.2,74.2,22067.1,49.83187641,25 mM glucose
708,2,21536.9,24,18934.9,49.93662496,5 mM maltose
709,2,23215.2,51.4,20463.2,49.87440869,10 mM maltose
710,2,24521.5,63.5,21153.9,49.84990947,25 mM maltose
711,2,20590.4,6439.7,22806.1,35.88162816,10 % methanol
712,2,6689,18165.4,22692.9,9.975587078,20 % methanol
713,2,972,18705.9,19575.9,2.222120056,30 % methanol
,,,,,,
,,,,,,
,,,,,,
701,4,24256.4,49.8,23490.7,49.8940006,37.3 % HEPES
702,4,22482.5,3937,23045.8,41.45831345,10 % DMSO
703,4,18006.2,8893.6,23099,30.74895017,20 % DMSO
704,4,5269.1,20769.9,24870.3,8.243567629,30 % DMSO
705,4,23962.6,43.9,22346.1,49.90177257,5 mM glucose
706,4,24927.8,24.7,23810.7,49.94813256,10 mM glucose
707,4,24339.1,57.4,23236.3,49.87648636,25 mM glucose
708,4,22056.3,34.3,18022.1,49.90483906,5 mM maltose
709,4,24619.1,33.7,21429.2,49.92136897,10 mM maltose
710,4,24265.2,50.9,21135.9,49.87958876,25 mM maltose
711,4,21622.9,6232.7,22814.4,36.34042535,10 % methanol
712,4,6423.9,18138,22573.4,9.824395084,20 % methanol
713,4,1101.1,21342.5,22428.9,2.421875348,30 % methanol
,,,,,,
,,,,,,
,,,,,,
701,6,24295.2,50.3,22350.1,49.88747254,37.3 % HEPES
702,6,22583.8,3555.4,22206.6,41.99472229,10 % DMSO
703,6,18482.3,8223.3,22418.5,31.65956688,20 % DMSO
704,6,5448.2,18055.3,21620.5,8.244952707,30 % DMSO
705,6,23495.5,34.4,20810.9,49.917351,5 mM glucose
706,6,23973.5,33.5,21113.1,49.92066537,10 mM glucose
707,6,23941,60.7,20780.6,49.85395032,25 mM glucose
708,6,21483.4,25.4,17972.3,49.9293357,5 mM maltose
709,6,23956,34.2,21695.9,49.92118327,10 mM maltose
710,6,24427,56.1,21482.2,49.86942678,25 mM maltose
711,6,20758.2,6193.2,23095.1,36.59196107,10 % methanol
712,6,6421.4,18250.5,22677.9,9.761485852,20 % methanol
713,6,1172.1,23194.3,24442.5,2.55333947,30 % methanol
,,,,,,
,,,,,,
,,,,,,
701,8,19568.8,49.2,16628.9,49.85206478,37.3 % HEPES
702,8,19398.7,2845.4,18100.5,42.13999613,10 % DMSO
703,8,15820,6261.9,17339.6,31.94335509,20 % DMSO
704,8,4426.6,14729.2,17555.3,8.049136158,30 % DMSO
705,8,20052.2,37.9,17136.8,49.88941926,5 mM glucose
706,8,19565.9,34.8,16747.5,49.8961039,10 mM glucose
707,8,19709.9,62.7,16627.4,49.81145579,25 mM glucose
708,8,18523.7,17,14983,49.94326904,5 mM maltose
709,8,19574.3,29.8,17151.4,49.91312663,10 mM maltose
710,8,19950.3,54.9,16785.5,49.836466,25 mM maltose
711,8,17425,4956.6,18516.4,36.61564883,10 % methanol
712,8,5154.7,14693.7,18196.7,9.625371633,20 % methanol
713,8,873.1,17503.3,18200.9,1.91638875,30 % methanol
,,,,,,
Kód,Idő,ACF,AR,AS,Konverzió,
714,2,22142.6,61.9,17524.3,49.8233881,37.3 % HEPES
715,2,20620.7,535.1,15654.8,48.29093952,10 % DMSO
716,2,16695.6,6552.8,17617,31.40205483,20 % DMSO
717,2,4622.4,15238.3,17923.1,7.489775764,30 % DMSO
718,2,21964.9,159.4,16806.4,49.52577589,10 % ethylene glycol
719,2,22378.9,1398.8,18113.6,46.13881283,20 % ethylene glycol
720,2,17604.5,6203.8,18295.2,33.04527964,30 % ethylene glycol
721,2,3777.5,15285.8,17771.6,6.993742826,10 % tert-amyl alcohol
722,2,705.5,17105.2,17777.6,1.891143911,20 % tert-amyl alcohol
723,2,207.4,17762.5,18134.4,1.025399241,30 % tert-amyl alcohol
724,2,22931.1,50,18156.7,49.86230978,5 mM trehalose
725,2,23682.9,38.8,19108.3,49.89847344,10 mM trehalose
726,2,22430.5,40.4,18076.1,49.88825023,25 mM trehalose
,,,,,,
,,,,,,
,,,,,,
714,4,20918.6,71.7,17563.8,49.79588699,37.3 % HEPES
715,4,21236.5,335.9,16531.3,48.98404844,10 % DMSO
716,4,9649,3055.7,9295.5,33.56355226,20 % DMSO
717,4,4642.7,14959.1,17861.8,8.125440885,30 % DMSO
718,4,21790,103.6,18143.5,49.71449831,10 % ethylene glycol
719,4,20022.5,1101.3,16527.5,46.66828014,20 % ethylene glycol
720,4,17213.1,6328.4,18905.5,33.26307159,30 % ethylene glycol
721,4,4526.7,16311.4,19270.3,7.677358422,10 % tert-amyl alcohol
722,4,648.5,17602.6,18325.5,1.972388202,20 % tert-amyl alcohol
723,4,227.9,16878.1,17227.2,1.013223275,30 % tert-amyl alcohol
724,4,22239.8,44.1,18503,49.88083014,5 mM trehalose
725,4,21751.7,46,17821,49.87093878,10 mM trehalose
726,4,22691.9,40.1,19127.4,49.89517655,25 mM trehalose
,,,,,,
,,,,,,
,,,,,,
714,6,21151.5,64.1,18923.4,49.83063297,37.3 % HEPES
715,6,16490.3,238.3,12446.9,49.04273353,10 % DMSO
716,6,16973.6,5603.7,17441.5,33.93572801,20 % DMSO
717,6,4483.9,14274.2,17097,8.255249459,30 % DMSO
718,6,20642.2,85.6,16711.8,49.74389354,10 % ethylene glycol
719,6,21388.2,1141.8,17941.5,46.81799181,20 % ethylene glycol
720,6,19633.8,7261.8,21747.5,33.30428785,30 % ethylene glycol
721,6,2352.9,8797.5,10341.6,7.46547923,10 % tert-amyl alcohol
722,6,353.2,12504.7,12898.5,1.526534093,20 % tert-amyl alcohol
723,6,107.5,9273.3,9387.8,0.60983404,30 % tert-amyl alcohol
724,6,,,,#DIV/0!,5 mM trehalose
725,6,,,,#DIV/0!,10 mM trehalose
726,6,,,,#DIV/0!,25 mM trehalose
,,,,,,
Kód,Idő,ACF,AR,AS,Konverzió,
727,2,24182.1,0,19731.2,50,37.3 % HEPES
728,2,23984.9,400,18179.8,48.89987789,10 % DMSO
729,2,15043.5,6606.6,17350.4,30.96124585,20 % DMSO
730,2,4537.2,14320.7,17056.3,8.019324238,30 % DMSO
731,2,,,,50,25 mM β-ciklodextrin
732,2,,,,50,50 mM β-ciklodextrin
733,2,,,,50,25 mM gamma-ciklodextrin
734,2,,,,50,50 mM gamma-ciklodextrin
735,2,,,,50,25 mM 2-OH-propil-ciklodextrin
736,2,,,,50,50 mM 2-OH-propil-ciklodextrin
737,2,,,,50,50 mM glucose
738,2,,,,50,50 mM maltose
739,2,,,,50,50 mM trehalose
740,2,15241.4,7852.6,18811,29.12763808,5 mM SLS
,,,,,,
,,,,,,
727,4,20048.4,0,17623.4,50,37.3 % HEPES
728,4,20173.5,125.4,17525.2,49.64222948,10 % DMSO
729,4,16290,5872.8,17868.5,33.56661164,20 % DMSO
730,4,4532.7,14230.7,17065.3,8.305157249,30 % DMSO
731,4,12664.3,0,16475.7,50,25 mM β-ciklodextrin
732,4,10534.3,0,15046,50,50 mM β-ciklodextrin
733,4,16396.2,0,16831.9,50,25 mM gamma-ciklodextrin
734,4,12360.9,0,16473.2,50,50 mM gamma-ciklodextrin
735,4,20422.7,0,16546.7,50,25 mM 2-OH-propil-ciklodextrin
736,4,20220.1,0,16903.4,50,50 mM 2-OH-propil-ciklodextrin
737,4,19699,0,17174.1,50,50 mM glucose
738,4,19489.6,0,17386.5,50,50 mM maltose
739,4,19359.8,0,16769.6,50,50 mM trehalose
740,4,14409,7305.5,17680.9,29.34070098,5 mM SLS
,,,,,,
,,,,,,
727,6,19201.5,0,17713.8,50,37.3 % HEPES
728,6,19897.4,108.5,17862.2,49.69628601,10 % DMSO
729,6,16037,5828.6,18035.6,33.84140256,20 % DMSO
730,6,4688.6,14979.3,18097.9,8.615916764,30 % DMSO
731,6,11311.8,0,16895.2,50,25 mM β-ciklodextrin
732,6,6647.6,0,9987.4,50,50 mM β-ciklodextrin
733,6,15255,0,17220.6,50,25 mM gamma-ciklodextrin
734,6,11833.1,0,16134.9,50,50 mM gamma-ciklodextrin
735,6,20100,0,17137.9,50,25 mM 2-OH-propil-ciklodextrin
736,6,20494.7,0,16635.8,50,50 mM 2-OH-propil-ciklodextrin
737,6,18585.7,0,17527.6,50,50 mM glucose
738,6,19374.3,0,17094.9,50,50 mM maltose
739,6,18845.2,0,17267.1,50,50 mM trehalose
740,6,13320.8,7692.1,18474,29.1812818,5 mM SLS
,,,,,,
,,,,,,
727,8,17274.9,43.4,16678.2,49.86989004,37.3 % HEPES
728,8,18988.7,108.6,16906.2,49.67881606,10 % DMSO
729,8,14774.3,5044.7,16364.4,34.58635819,20 % DMSO
730,8,3686.5,11309.3,13606.4,8.441248236,30 % DMSO
731,8,10412,0,15689.1,50,25 mM β-ciklodextrin
732,8,8694.2,0,13965.9,50,50 mM β-ciklodextrin
733,8,13442,0,15480.3,50,25 mM gamma-ciklodextrin
734,8,9442.5,0,13030.9,50,50 mM gamma-ciklodextrin
735,8,19670.8,0,15595.9,50,25 mM 2-OH-propil-ciklodextrin
736,8,16785.1,0,12766.8,50,50 mM 2-OH-propil-ciklodextrin
737,8,18172.5,0,16682.2,50,50 mM glucose
738,8,14108.4,0,12145,50,50 mM maltose
739,8,17099.7,0,16015.4,50,50 mM trehalose
740,8,12988.2,7105.2,17188.1,29.33104881,5 mM SLS
,,,,,,
Kód,Idő,ACF,AR,AS,Konverzió,
741,0.25,16225.8,4331.7,16127.3,36.57028765,37.3 % HEPES
742,0.25,15809.9,5943.3,16792.6,32.30381239,10 % DMSO
743,0.25,9896.5,10826.2,16962.4,18.08765269,20 % DMSO
744,0.25,4075,17417.6,19876.4,6.185224689,30 % DMSO
745,0.25,19876.5,3968.9,18412.6,39.22232602,10 % glycerol
746,0.25,21116.9,5043.1,21160,38.0834121,20 % glycerol
747,0.25,20539.3,5833.4,21443.4,36.39814582,30 % glycerol
748,0.25,19698.7,2888.5,17214.5,41.61027041,5 % TWEEN 80
749,0.25,17994.5,5700.1,18039.7,34.20123395,10 % TWEEN 80
750,0.25,17957.3,4520.8,17332.9,36.95890474,20 % TWEEN 80
,,,,,,
,,,,,,
,,,,,,
,,,,,,
,,,,,,
,,,,,,
741,0.5,18252.1,2463.4,17529.8,42.97367911,37.3 % HEPES
742,0.5,17983.6,3690.1,17519.9,39.46883258,10 % DMSO
743,0.5,11217.2,10187.5,17571.2,21.01080177,20 % DMSO
744,0.5,3609.8,14541.7,16771.9,6.648620609,30 % DMSO
745,0.5,21285,1375.9,18636.4,46.30856818,10 % glycerol
746,0.5,23454.5,1722.1,21065.7,45.91254978,20 % glycerol
747,0.5,24933.2,3024.3,24182.1,43.746821,30 % glycerol
748,0.5,20818.3,1192,17036.8,46.50169046,5 % TWEEN 80
749,0.5,21903.8,892.7,17608.4,47.46513028,10 % TWEEN 80
750,0.5,20052,989,15959.1,46.90145434,20 % TWEEN 80
,,,,,,
,,,,,,
,,,,,,
,,,,,,
,,,,,,
,,,,,,
741,0.75,18841.8,1695.7,17620.7,45.18832964,37.3 % HEPES
742,0.75,19411.7,3090.9,17393.5,41.11478426,10 % DMSO
743,0.75,12575.1,9962.7,17529.1,21.58239727,20 % DMSO
744,0.75,3703.4,14798.5,17118.7,6.77679964,30 % DMSO
745,0.75,22574.2,533.5,19410.9,48.62577212,10 % glycerol
746,0.75,23400.4,1510.1,21786.9,46.53438534,20 % glycerol
747,0.75,24869,2078.1,24664.7,45.78729926,30 % glycerol
748,0.75,20715.2,1525.7,17532.9,45.64903695,5 % TWEEN 80
749,0.75,21998.9,163.4,17280.7,49.52721823,10 % TWEEN 80
750,0.75,20835.6,274.4,15843.7,49.13404066,20 % TWEEN 80
,,,,,,
,,,,,,
,,,,,,
,,,,,,
,,,,,,
,,,,,,
741,1,16731.8,1056.3,14618.1,46.38701336,37.3 % HEPES
742,1,20529.8,2316.1,19683.2,44.11655625,10 % DMSO
743,1,13488.9,9979.1,18956,23.67825491,20 % DMSO
744,1,4353.3,16483.7,19118.5,6.890707953,30 % DMSO
745,1,23408.9,352.2,20855,49.15559818,10 % glycerol
746,1,21080.5,850,18539.8,47.70763439,20 % glycerol
747,1,16566.8,1048.5,13948,46.24139662,30 % glycerol
748,1,21514.2,392.2,17648.4,48.88885111,5 % TWEEN 80
749,1,17286.7,36.7,12661.8,49.8550759,10 % TWEEN 80
750,1,20604.1,84,15847.1,49.73496728,20 % TWEEN 80
,,,,,,
,,,,,,
,,,,,,
,,,,,,
,,,,,,
,,,,,,
741,1.25,18690.3,1083.5,17616,46.92467075,37.3 % HEPES
742,1.25,18534.8,1714,15842.4,44.59046609,10 % DMSO
743,1.25,10972,7580.8,14789.2,24.37048657,20 % DMSO
744,1.25,4074.6,15848.7,18232.6,6.537465858,30 % DMSO
745,1.25,18890.5,159.2,15722.9,49.49373207,10 % glycerol
746,1.25,19185.5,576.6,17430.3,48.34598372,20 % glycerol
747,1.25,20565.6,1322.1,19008.3,46.52230868,30 % glycerol
748,1.25,16739.2,429.6,12626.9,48.29886987,5 % TWEEN 80
749,1.25,18647.8,53.8,13984.3,49.80764143,10 % TWEEN 80
750,1.25,20467.2,38.4,15631,49.87716717,20 % TWEEN 80
,,,,,,
,,,,,,
,,,,,,
,,,,,,
,,,,,,
,,,,,,
741,1.5,17847.5,834.2,16103,47.40979942,37.3 % HEPES
742,1.5,18948,1115.6,17223.1,46.76132636,10 % DMSO
743,1.5,10562,7462.5,14986.2,25.10209393,20 % DMSO
744,1.5,3986.5,15125.1,17562.5,6.939217082,30 % DMSO
745,1.5,10458.5,162.2,15800.2,49.48671536,10 % glycerol
746,1.5,10932.9,607.5,7414.2,45.90313183,20 % glycerol
747,1.5,10818.5,600.3,8401.2,46.4272961,30 % glycerol
748,1.5,12371.6,167.1,8169.5,48.97729359,5 % TWEEN 80
749,1.5,13778,35.9,8591.4,49.79107014,10 % TWEEN 80
750,1.5,9323.9,32.3,5834.8,49.72321245,20 % TWEEN 80
,,,,,,
,,,,,,
,,,,,,
,,,,,,
,,,,,,
,,,,,,
741,1.75,15205.2,644,13031.7,47.52910211,37.3 % HEPES
742,1.75,19759.2,1662.5,18429.6,45.48959283,10 % DMSO
743,1.75,9524.7,5797.2,11847.1,25.53325286,20 % DMSO
744,1.75,3424.1,13287.6,15496.5,7.127093215,30 % DMSO
745,1.75,10545.3,48.1,7877.6,49.69470397,10 % glycerol
746,1.75,18457.3,428.1,16434.8,48.69758074,20 % glycerol
747,1.75,20320,1244.2,19835.9,46.86376721,30 % glycerol
748,1.75,14653.3,80.2,10627.2,49.62266637,5 % TWEEN 80
749,1.75,15440.7,29.4,11079.2,49.86731894,10 % TWEEN 80
750,1.75,12111.8,0,7852.3,50,20 % TWEEN 80
,,,,,,
,,,,,,
,,,,,,
,,,,,,
,,,,,,
,,,,,,
741,2,981.4,41,773.4,47.34936643,37.3 % HEPES
742,2,13190.4,861.3,10145.9,45.7554283,10 % DMSO
743,2,6596.9,4045.6,8353.5,25.7850003,20 % DMSO
744,2,3833.3,15572.4,18254.4,7.346174073,30 % DMSO
745,2,15898.7,106.1,13211.6,49.59845893,10 % glycerol
746,2,21095.6,523.8,21776.4,48.79732187,20 % glycerol
747,2,15552.5,882.7,14431.2,46.94169577,30 % glycerol
748,2,17548.4,73.9,14334.2,49.74222489,5 % TWEEN 80
749,2,19716.1,0,16299.4,50,10 % TWEEN 80
750,2,18509.5,60.6,13712.7,49.77903695,20 % TWEEN 80
,,,,,,
,,,,,,
,,,,,,
751,0.25,12030.5,4885.8,13246.7,31.55842587,37.3 % HEPES
752,0.25,12357.9,5752.6,11479.5,24.94403066,10 % DMSO
753,0.25,6250.9,8390.5,13037.3,17.82117463,20 % DMSO
754,0.25,1998.2,12677.1,14226.8,5.446410999,30 % DMSO
755,0.25,11910.3,4144.2,14695.2,35.89947738,10 % ethylene glycol
756,0.25,11010.3,5549.8,17187.2,33.85484547,20 % ethylene glycol
757,0.25,10091.8,6838.3,15890.6,28.48319132,30 % ethylene glycol
758,0.25,11780.2,3418.5,11246.4,34.80180324,10 % PEG
759,0.25,11592.8,3412.1,12651.2,36.51471797,20 % PEG
760,0.25,5470.8,8658.2,11986.7,13.88413825,30 % PEG
,,,,,,
,,,,,,
,,,,,,
,,,,,,
,,,,,,
,,,,,,
751,0.5,13691.7,2084.6,13032.2,42.00211783,37.3 % HEPES
752,0.5,11698.5,3858.1,12560.3,34.64168849,10 % DMSO
753,0.5,7035.8,8040.9,13670.8,20.59096761,20 % DMSO
754,0.5,2025.4,14785.6,16656.2,5.615326425,30 % DMSO
755,0.5,13014.1,1738.5,14964.3,44.191175,10 % ethylene glycol
756,0.5,11974.2,3290.4,19078.3,41.37659016,20 % ethylene glycol
757,0.5,10835.6,7398.3,22563.6,33.60567463,30 % ethylene glycol
758,0.5,14002.1,1664.9,12030,43.08021613,10 % PEG
759,0.5,13166.1,2970.4,13155.2,38.71016784,20 % PEG
760,0.5,14007.5,6985.5,18231.2,30.84191,30 % PEG
,,,,,,
,,,,,,
,,,,,,
,,,,,,
,,,,,,
,,,,,,
751,0.75,21044.4,1626,17116.7,45.25025268,37.3 % HEPES
752,0.75,19548.8,3889.2,16939.1,38.52005124,10 % DMSO
753,0.75,12490.7,9141.6,16314.4,21.98303339,20 % DMSO
754,0.75,3222.4,14810.6,16570.2,5.309531569,30 % DMSO
755,0.75,21501,1040.3,15726.5,46.69252536,10 % ethylene glycol
756,0.75,19609.2,2414.7,19128,43.68804893,20 % ethylene glycol
757,0.75,19147.5,4002.5,13973,35.67773563,30 % ethylene glycol
758,0.75,21535.6,1352.6,16553.4,45.9144345,10 % PEG
759,0.75,20140.6,3027.4,17643.5,41.4206365,20 % PEG
760,0.75,18160.3,5296.2,17749.2,35.08045433,30 % PEG
,,,,,,
,,,,,,
,,,,,,
,,,,,,
,,,,,,
,,,,,,
751,1,21954.7,840.8,16949.1,47.51963231,37.3 % HEPES
752,1,19550.7,3006.3,16161,40.69890477,10 % DMSO
753,1,12974.2,9175.6,17043.5,23.08182005,20 % DMSO
754,1,3297.3,16360.6,18390.3,5.518398286,30 % DMSO
755,1,21582.5,716.8,16467.9,47.82364479,10 % ethylene glycol
756,1,20607.7,2007.1,18554.3,44.59128073,20 % ethylene glycol
757,1,18113.1,5574.4,19934.4,36.0181395,30 % ethylene glycol
758,1,21464,802.2,16802.1,47.6127984,10 % PEG
759,1,21242,1855.1,17931.3,44.8272016,20 % PEG
760,1,20103.8,2823.6,17061.2,41.72508382,30 % PEG
,,,,,,
,,,,,,
,,,,,,
,,,,,,
,,,,,,
,,,,,,
751,1.25,21243.1,524.2,17111.3,48.46826366,37.3 % HEPES
752,1.25,19727.1,2790.5,17638.6,42.08979171,10 % DMSO
753,1.25,13111,8547,16443.8,24.01148153,20 % DMSO
754,1.25,3326.1,15647.2,17604.4,5.558837563,30 % DMSO
755,1.25,21237.7,470,15743.5,48.50732048,10 % ethylene glycol
756,1.25,20922.5,1698.3,17388,45.11645963,20 % ethylene glycol
757,1.25,17841,5065.5,18671.1,36.43491814,30 % ethylene glycol
758,1.25,21691.8,549.4,17008.7,48.38494418,10 % PEG
759,1.25,21512.4,1166.1,17196.7,46.60952392,20 % PEG
760,1.25,20528.7,1953.3,16630.2,44.12725042,30 % PEG
,,,,,,
,,,,,,
,,,,,,
,,,,,,
,,,,,,
,,,,,,
751,1.5,20307.9,346.2,17259.2,48.99705664,37.3 % HEPES
752,1.5,17832.7,2087.6,15488.3,43.26071938,10 % DMSO
753,1.5,10521.3,7934.7,15760.9,24.82789688,20 % DMSO
754,1.5,3074.9,14346,16139.7,5.556794736,30 % DMSO
755,1.5,19552.6,348.3,15244.2,48.8575983,10 % ethylene glycol
756,1.5,21312.3,1687.9,18360,45.40332244,20 % ethylene glycol
757,1.5,18635.9,3855.7,14279.9,36.49955532,30 % ethylene glycol
758,1.5,21703.5,398.6,16596.2,48.79912269,10 % PEG
759,1.5,21059.1,959.5,17067.1,47.18903622,20 % PEG
760,1.5,20489.9,1353.5,16387.5,45.87032799,30 % PEG
,,,,,,
,,,,,,
,,,,,,
,,,,,,
,,,,,,
,,,,,,
751,1.75,21662.6,230.7,16914.6,49.31804477,37.3 % HEPES
752,1.75,20119.6,1934.7,16890.9,44.27295171,10 % DMSO
753,1.75,14163.5,8750.2,17788.8,25.40531121,20 % DMSO
754,1.75,3358.5,15698,17707.8,5.674900326,30 % DMSO
755,1.75,20542.3,319.5,17016.5,49.0612053,10 % ethylene glycol
756,1.75,21093.3,1570.6,17984.6,45.63348643,20 % ethylene glycol
757,1.75,18892.2,4085,15419.9,36.7541294,30 % ethylene glycol
758,1.75,21201.6,334.5,16864.7,49.00828357,10 % PEG
759,1.75,21948.5,920.9,17286.1,47.33629911,20 % PEG
760,1.75,21156,1441,17052.4,45.7747883,30 % PEG
,,,,,,
,,,,,,
,,,,,,
,,,,,,
,,,,,,
,,,,,,
751,2,22004.8,163.1,16587,49.50834991,37.3 % HEPES
752,2,20085.7,1711.1,17140.8,45.00869271,10 % DMSO
753,2,13828.3,8117.3,16917.4,26.0090203,20 % DMSO
754,2,3415.2,15306.3,17180.4,5.454180345,30 % DMSO
755,2,20914.1,348.4,18867.3,49.07670944,10 % ethylene glycol
756,2,20401.9,1355.8,16720.6,45.94571965,20 % ethylene glycol
757,2,17908.4,5073.8,19102,36.71919171,30 % ethylene glycol
758,2,21005.4,295.3,17275.3,49.14531151,10 % PEG
759,2,21230.9,798.5,17613.1,47.7332213,20 % PEG
760,2,21012.2,1355,17271.4,46.07733015,30 % PEG
